claim_id,finding,primary_value,comparison_value,difference,unit,source_artifact,source_filter,source_field,status
primary_fund_menu,The primary menu contains 15 monthly funds.,15.0,,,funds,results/tables/performance_metrics.csv,all rows,fund_id distinct count,reconciled
combined_best_sharpe,Combined Risk Parity has the highest combined-fund net Sharpe (0.883).,0.8832785588726769,,,Sharpe ratio,results/tables/performance_metrics.csv,asset_family=combined; maximum net_sharpe_ratio,net_sharpe_ratio,reconciled
combined_best_return,Combined Equal Weight has the highest combined-fund net annualised return (15.04%).,0.15044828353916828,,,decimal annual return,results/tables/performance_metrics.csv,asset_family=combined; maximum net_annualized_return,net_annualized_return,reconciled
maximum_sharpe_frequency_tradeoff,Daily Maximum Sharpe has higher diagnostic Sharpe than monthly but 4.24x the annualised turnover.,0.8967123218651099,0.7763578226315341,4.235710009840918,Sharpe ratios; turnover multiple in difference,results/tables/rebalance_frequency_decision_support.csv,method=maximum_sharpe,best_net_sharpe; monthly_net_sharpe; turnover ratio,reconciled
risk_parity_monthly_frequency,Monthly has the highest diagnostic net Sharpe for Risk Parity.,0.8832785588726769,0.8832785588726769,0.0,Sharpe ratio,results/tables/rebalance_frequency_decision_support.csv,method=risk_parity,best_net_sharpe_schedule; monthly_net_sharpe,reconciled
finance_neutrality,The finance lexicon lowers neutral headline share from 49.57% to 46.67%.,0.46667710915579286,0.49572311967092536,-0.029046010515132503,proportion,results/tables/sentiment_model_summary.csv,neutral-share metrics,value,reconciled
coverage_dispersion,Mean confidence ranges from Materials (0.39) to Consumer (0.82).,0.39209204826230387,0.8228144987557889,0.43072245049348507,confidence score,results/data/sector_sentiment_index.csv,group by sector; minimum and maximum confidence means,coverage_confidence,reconciled
fusion_return,Coverage-aware fusion lowers net annualised return by 0.66%.,0.05005796822588904,0.056678171424742185,-0.006620203198853147,decimal annual return,results/tables/fusion_performance_comparison.csv,variant=coverage_aware_finance,net_annualized_return; delta vs base,reconciled
fusion_drawdown,"Coverage-aware fusion makes maximum drawdown 0.77% shallower, but does not improve Sharpe.",-0.14950607030519114,-0.15723731319033551,-0.05023509278931615,drawdown values; Sharpe change in difference,results/tables/fusion_performance_comparison.csv,variant=coverage_aware_finance,maximum drawdown and Sharpe deltas,reconciled
