figure,investor_question,png_artifact,caption_artifact,backing_artifacts,validation_artifact,png_exists,caption_context_complete,automated_validation_passed,manual_review_evidence,status
fund_growth,How did the 15 primary monthly funds compound?,results/figures/fund_growth.png,results/figures/fund_growth.caption.md,results/tables/performance_metrics.csv; results/data/fund_returns.csv,results/tables/portfolio_figure_validation.csv,True,True,True,ai/PHASE_6_FIGURE_REVIEW.md,pass
combined_fund_drawdowns,When and how deeply did the combined funds lose value?,results/figures/combined_fund_drawdowns.png,results/figures/combined_fund_drawdowns.caption.md,results/data/fund_returns.csv,results/tables/portfolio_figure_validation.csv,True,True,True,ai/PHASE_6_FIGURE_REVIEW.md,pass
fund_risk_return,How did return and risk compare across funds and methods?,results/figures/fund_risk_return.png,results/figures/fund_risk_return.caption.md,results/tables/performance_metrics.csv,results/tables/portfolio_figure_validation.csv,True,True,True,ai/PHASE_6_FIGURE_REVIEW.md,pass
fund_sharpe_by_family,How did out-of-sample Sharpe compare across fund families and methods?,results/figures/fund_sharpe_by_family.png,results/figures/fund_sharpe_by_family.caption.md,results/tables/performance_metrics.csv,results/tables/portfolio_figure_validation.csv,True,True,True,ai/PHASE_6_FIGURE_REVIEW.md,pass
combined_weight_history,How did combined-fund sector allocations change over time?,results/figures/combined_weight_history.png,results/figures/combined_weight_history.caption.md,results/data/fund_weights.csv; results/data/fusion_weights.csv,results/tables/portfolio_figure_validation.csv,True,True,True,ai/PHASE_6_FIGURE_REVIEW.md,pass
sector_sentiment_index,How did finance headline tone vary across equity sectors?,results/figures/sector_sentiment_index.png,results/figures/sector_sentiment_index.caption.md,results/data/sector_sentiment_index.csv,results/tables/sentiment_figure_validation.csv,True,True,True,ai/PHASE_6_FIGURE_REVIEW.md,pass
coverage_confidence_index,When was sector sentiment broadly or weakly supported by news coverage?,results/figures/coverage_confidence_index.png,results/figures/coverage_confidence_index.caption.md,results/data/sector_sentiment_index.csv,results/tables/coverage_figure_validation.csv,True,True,True,ai/PHASE_6_FIGURE_REVIEW.md,pass
rebalance_frequency_tradeoff,Did faster retraining improve Sharpe enough to justify turnover?,results/figures/rebalance_frequency_tradeoff.png,results/figures/rebalance_frequency_tradeoff.caption.md,results/tables/rebalance_frequency_metrics.csv,results/tables/rebalance_frequency_figure_validation.csv,True,True,True,ai/PHASE_6_FIGURE_REVIEW.md,pass
fusion_growth_comparison,Did the coverage-aware sentiment tilt improve its base fund?,results/figures/fusion_growth_comparison.png,results/figures/fusion_growth_comparison.caption.md,results/tables/fusion_performance_comparison.csv; results/data/fusion_returns.csv,results/tables/fusion_figure_validation.csv,True,True,True,ai/PHASE_6_FIGURE_REVIEW.md,pass
