dataset,ticker,date,adjClose,previous_adjClose,simple_return,absolute_return,threshold,treatment
crypto_prices,XLM-USD,2021-01-06,0.34079301357269287,0.1948229968547821,0.7492442836546367,0.7492442836546367,0.2,retained; no internal price-rule failure
crypto_prices,XRP-USD,2023-07-13,0.8153650164604187,0.47110500931739807,0.7307500458163925,0.7307500458163925,0.2,retained; no internal price-rule failure
crypto_prices,XLM-USD,2023-07-13,0.15487900376319885,0.09626200050115585,0.6089319041456984,0.6089319041456984,0.2,retained; no internal price-rule failure
crypto_prices,XRP-USD,2021-01-30,0.44024398922920227,0.2821879982948303,0.5601088348528376,0.5601088348528376,0.2,retained; no internal price-rule failure
crypto_prices,EOS-USD,2021-05-11,14.3655424118042,9.255657196044922,0.5520823759487123,0.5520823759487123,0.2,retained; no internal price-rule failure
crypto_prices,BCH-USD,2021-05-05,1454.93505859375,955.1824340820312,0.5232012301314997,0.5232012301314997,0.2,retained; no internal price-rule failure
crypto_prices,XLM-USD,2020-11-24,0.19548000395298004,0.1305990070104599,0.49679548434333576,0.49679548434333576,0.2,retained; no internal price-rule failure
crypto_prices,BCH-USD,2020-03-12,152.22499084472656,266.85546875,-0.4295601601954183,0.4295601601954183,0.2,retained; no internal price-rule failure
crypto_prices,ETH-USD,2020-03-12,112.34712219238281,194.8685302734375,-0.42347221465293294,0.42347221465293294,0.2,retained; no internal price-rule failure
crypto_prices,XRP-USD,2020-12-23,0.25860199332237244,0.4484480023384094,-0.42334007070183066,0.42334007070183066,0.2,retained; no internal price-rule failure
crypto_prices,XRP-USD,2021-04-05,0.9204729795455933,0.6467289924621582,0.4232746486921297,0.4232746486921297,0.2,retained; no internal price-rule failure
crypto_prices,ETC-USD,2021-05-06,134.10179138183594,94.26644134521484,0.42258251683374093,0.42258251683374093,0.2,retained; no internal price-rule failure
crypto_prices,ETC-USD,2021-05-24,73.42115783691406,51.96479415893555,0.41290192764650846,0.41290192764650846,0.2,retained; no internal price-rule failure
crypto_prices,TRX-USD,2020-03-12,0.008791999891400337,0.014835000038146973,-0.4073474978906344,0.4073474978906344,0.2,retained; no internal price-rule failure
crypto_prices,ETC-USD,2020-03-12,3.9639461040496826,6.57728910446167,-0.39732828508925355,0.39732828508925355,0.2,retained; no internal price-rule failure
crypto_prices,XRP-USD,2020-11-21,0.4583440124988556,0.32806798815727234,0.3971006896263536,0.3971006896263536,0.2,retained; no internal price-rule failure
crypto_prices,TRX-USD,2021-03-31,0.09231200069189072,0.06608600169420242,0.3968465079646215,0.3968465079646215,0.2,retained; no internal price-rule failure
crypto_prices,EOS-USD,2020-03-12,1.8480910062789917,3.0598950386047363,-0.39602797384785726,0.39602797384785726,0.2,retained; no internal price-rule failure
crypto_prices,ADA-USD,2020-03-12,0.02396100014448166,0.03964899852871895,-0.3956719959237812,0.3956719959237812,0.2,retained; no internal price-rule failure
crypto_prices,XRP-USD,2020-11-23,0.6139799952507019,0.44369998574256897,0.3837728532335991,0.3837728532335991,0.2,retained; no internal price-rule failure
crypto_prices,EOS-USD,2021-05-19,5.755894184112549,9.332971572875977,-0.3832731473391966,0.3832731473391966,0.2,retained; no internal price-rule failure
crypto_prices,EOS-USD,2021-05-05,8.784547805786133,6.367040157318115,0.37969096923150314,0.37969096923150314,0.2,retained; no internal price-rule failure
crypto_prices,ETC-USD,2021-02-13,16.592817306518555,12.028255462646484,0.37948660618717556,0.37948660618717556,0.2,retained; no internal price-rule failure
crypto_prices,BTC-USD,2020-03-12,4970.7880859375,7911.43017578125,-0.37169538560117077,0.37169538560117077,0.2,retained; no internal price-rule failure
crypto_prices,LTC-USD,2020-03-12,30.930883407592773,48.463783264160156,-0.3617732392248725,0.3617732392248725,0.2,retained; no internal price-rule failure
crypto_prices,BCH-USD,2023-06-23,181.7744598388672,133.963623046875,0.3568941754827186,0.3568941754827186,0.2,retained; no internal price-rule failure
crypto_prices,LTC-USD,2021-05-19,189.52017211914062,294.61932373046875,-0.3567286431879725,0.3567286431879725,0.2,retained; no internal price-rule failure
crypto_prices,ETC-USD,2021-05-05,94.26644134521484,69.49090576171875,0.35652917906193804,0.35652917906193804,0.2,retained; no internal price-rule failure
crypto_prices,BCH-USD,2021-05-19,706.7958374023438,1091.5501708984375,-0.3524843326069095,0.3524843326069095,0.2,retained; no internal price-rule failure
crypto_prices,XRP-USD,2021-04-10,1.3744159936904907,1.0208369493484497,0.346361918588187,0.346361918588187,0.2,retained; no internal price-rule failure
crypto_prices,BCH-USD,2021-05-24,748.4216918945312,556.1397705078125,0.34574387875757506,0.34574387875757506,0.2,retained; no internal price-rule failure
crypto_prices,ETC-USD,2021-04-16,38.53741455078125,28.652196884155273,0.34500732026215153,0.34500732026215153,0.2,retained; no internal price-rule failure
crypto_prices,XLM-USD,2020-03-12,0.03344099968671799,0.05038699880242348,-0.33631689758212857,0.33631689758212857,0.2,retained; no internal price-rule failure
crypto_prices,ETC-USD,2021-05-04,69.49090576171875,52.05988693237305,0.3348262905754864,0.3348262905754864,0.2,retained; no internal price-rule failure
crypto_prices,XRP-USD,2020-03-12,0.13963499665260315,0.2080959975719452,-0.3289875909106468,0.3289875909106468,0.2,retained; no internal price-rule failure
crypto_prices,XRP-USD,2021-05-19,1.0703129768371582,1.5907340049743652,-0.3271577941439642,0.3271577941439642,0.2,retained; no internal price-rule failure
crypto_prices,XRP-USD,2021-04-26,1.3685059547424316,1.032256007194519,0.3257427859022859,0.3257427859022859,0.2,retained; no internal price-rule failure
crypto_prices,ETC-USD,2022-07-18,25.419828414916992,19.183923721313477,0.32505887659860644,0.32505887659860644,0.2,retained; no internal price-rule failure
crypto_prices,ADA-USD,2021-02-10,0.9303179979324341,0.7035160064697266,0.32238355542300967,0.32238355542300967,0.2,retained; no internal price-rule failure
crypto_prices,ETC-USD,2021-05-19,60.121788024902344,88.67708587646484,-0.32201439153450073,0.32201439153450073,0.2,retained; no internal price-rule failure
crypto_prices,TRX-USD,2021-05-19,0.07933200150728226,0.11638599634170532,-0.31837159107727875,0.31837159107727875,0.2,retained; no internal price-rule failure
crypto_prices,BCH-USD,2020-01-14,350.2635192871094,267.5228271484375,0.30928460580585315,0.30928460580585315,0.2,retained; no internal price-rule failure
crypto_prices,ETC-USD,2022-07-27,32.721580505371094,25.036226272583008,0.30696935509023837,0.30696935509023837,0.2,retained; no internal price-rule failure
crypto_prices,XRP-USD,2020-12-24,0.33781901001930237,0.25860199332237244,0.30632794310358724,0.30632794310358724,0.2,retained; no internal price-rule failure
crypto_prices,XLM-USD,2021-05-19,0.45042699575424194,0.6471149921417236,-0.30394597370787746,0.30394597370787746,0.2,retained; no internal price-rule failure
crypto_prices,ETC-USD,2021-04-15,28.652196884155273,21.97785186767578,0.3036850487783964,0.3036850487783964,0.2,retained; no internal price-rule failure
crypto_prices,EOS-USD,2021-05-06,11.432257652282715,8.784547805786133,0.30140536599420753,0.30140536599420753,0.2,retained; no internal price-rule failure
crypto_prices,BCH-USD,2021-01-09,573.911376953125,441.0582275390625,0.30121453612901106,0.30121453612901106,0.2,retained; no internal price-rule failure
crypto_prices,ETC-USD,2021-06-29,56.30165100097656,43.329647064208984,0.2993794045343765,0.2993794045343765,0.2,retained; no internal price-rule failure
crypto_prices,XRP-USD,2021-01-07,0.32600200176239014,0.2508949935436249,0.2993563448913774,0.2993563448913774,0.2,retained; no internal price-rule failure
crypto_prices,EOS-USD,2021-05-24,5.607605934143066,4.32114315032959,0.29771353066962236,0.29771353066962236,0.2,retained; no internal price-rule failure
crypto_prices,ADA-USD,2021-01-06,0.3318980038166046,0.25831401348114014,0.28486255679209194,0.28486255679209194,0.2,retained; no internal price-rule failure
crypto_prices,EOS-USD,2021-05-12,10.284602165222168,14.3655424118042,-0.2840783960394502,0.2840783960394502,0.2,retained; no internal price-rule failure
crypto_prices,LTC-USD,2021-05-24,183.99412536621094,143.5193634033203,0.28201603604628467,0.28201603604628467,0.2,retained; no internal price-rule failure
crypto_prices,BCH-USD,2021-04-16,1110.654296875,868.155517578125,0.2793264275660756,0.2793264275660756,0.2,retained; no internal price-rule failure
crypto_prices,LTC-USD,2023-06-30,108.16532897949219,84.77587127685547,0.2758975797046421,0.2758975797046421,0.2,retained; no internal price-rule failure
crypto_prices,ETH-USD,2021-05-19,2460.67919921875,3380.070068359375,-0.2720034941722024,0.2720034941722024,0.2,retained; no internal price-rule failure
crypto_prices,TRX-USD,2021-04-04,0.1293729990720749,0.10207200050354004,0.267468046416784,0.267468046416784,0.2,retained; no internal price-rule failure
crypto_prices,XLM-USD,2020-12-24,0.159620001912117,0.12647099792957306,0.26210755450038725,0.26210755450038725,0.2,retained; no internal price-rule failure
crypto_prices,XLM-USD,2020-11-23,0.1305990070104599,0.10352600365877151,0.26150920923136156,0.26150920923136156,0.2,retained; no internal price-rule failure
crypto_prices,ADA-USD,2021-05-19,1.4825210571289062,2.003662109375,-0.2600942792737907,0.2600942792737907,0.2,retained; no internal price-rule failure
crypto_prices,ETH-USD,2021-01-03,975.5076904296875,774.5349731445312,0.2594753293956862,0.2594753293956862,0.2,retained; no internal price-rule failure
crypto_prices,ETC-USD,2021-05-12,82.75916290283203,111.1402816772461,-0.2553630272130628,0.2553630272130628,0.2,retained; no internal price-rule failure
crypto_prices,XRP-USD,2023-03-21,0.46970999240875244,0.3746280074119568,0.25380372827341624,0.25380372827341624,0.2,retained; no internal price-rule failure
crypto_prices,ETH-USD,2021-05-24,2643.591064453125,2109.579833984375,0.2531362984543515,0.2531362984543515,0.2,retained; no internal price-rule failure
crypto_prices,XRP-USD,2021-05-24,0.9928349852561951,0.7970150113105774,0.24569170111817562,0.24569170111817562,0.2,retained; no internal price-rule failure
crypto_prices,XRP-USD,2021-02-01,0.37150898575782776,0.49231401085853577,-0.24538205786595169,0.24538205786595169,0.2,retained; no internal price-rule failure
crypto_prices,ADA-USD,2021-05-13,1.9336680173873901,1.5527750253677368,0.24529824720065174,0.24529824720065174,0.2,retained; no internal price-rule failure
crypto_prices,ETC-USD,2022-07-28,40.69428634643555,32.721580505371094,0.24365283454922881,0.24365283454922881,0.2,retained; no internal price-rule failure
crypto_prices,ETC-USD,2020-01-14,6.8097381591796875,5.49685001373291,0.23884372725592984,0.23884372725592984,0.2,retained; no internal price-rule failure
crypto_prices,ADA-USD,2023-07-13,0.3576579988002777,0.2887580096721649,0.23860806218444597,0.23860806218444597,0.2,retained; no internal price-rule failure
crypto_prices,BCH-USD,2023-06-21,136.005615234375,109.89054870605469,0.2376461564331187,0.2376461564331187,0.2,retained; no internal price-rule failure
crypto_prices,BCH-USD,2020-03-19,221.2685546875,179.0923309326172,0.2354998873220957,0.2354998873220957,0.2,retained; no internal price-rule failure
crypto_prices,TRX-USD,2021-02-11,0.0570640005171299,0.046188998967409134,0.2354457076975005,0.2354457076975005,0.2,retained; no internal price-rule failure
crypto_prices,XLM-USD,2020-11-27,0.2064090073108673,0.16754800081253052,0.23193954156348529,0.23193954156348529,0.2,retained; no internal price-rule failure
crypto_prices,ETC-USD,2021-05-20,74.0557632446289,60.121788024902344,0.23176248873295546,0.23176248873295546,0.2,retained; no internal price-rule failure
crypto_prices,EOS-USD,2020-01-14,3.8306539058685303,3.1103100776672363,0.23159871852441127,0.23159871852441127,0.2,retained; no internal price-rule failure
crypto_prices,ETC-USD,2021-06-21,39.42816925048828,51.11225128173828,-0.22859650550013177,0.22859650550013177,0.2,retained; no internal price-rule failure
crypto_prices,XLM-USD,2020-11-21,0.10840500146150589,0.08830700069665909,0.22759238346102229,0.22759238346102229,0.2,retained; no internal price-rule failure
crypto_prices,ETC-USD,2021-05-01,44.6092529296875,36.368431091308594,0.22659272316941692,0.22659272316941692,0.2,retained; no internal price-rule failure
crypto_prices,TRX-USD,2021-05-05,0.14635300636291504,0.11939399689435959,0.22579870152440673,0.22579870152440673,0.2,retained; no internal price-rule failure
crypto_prices,XLM-USD,2021-04-05,0.5363669991493225,0.43780699372291565,0.22512204427868188,0.22512204427868188,0.2,retained; no internal price-rule failure
crypto_prices,ETC-USD,2020-03-13,4.846123218536377,3.9639461040496826,0.22255022932462087,0.22255022932462087,0.2,retained; no internal price-rule failure
crypto_prices,XRP-USD,2022-09-22,0.48510101437568665,0.3968279957771301,0.22244654998618896,0.22244654998618896,0.2,retained; no internal price-rule failure
crypto_prices,XLM-USD,2021-01-28,0.29224100708961487,0.23906999826431274,0.22240770155741973,0.22240770155741973,0.2,retained; no internal price-rule failure
crypto_prices,XRP-USD,2021-04-13,1.7940009832382202,1.4677350521087646,0.22229211645568725,0.22229211645568725,0.2,retained; no internal price-rule failure
crypto_prices,ADA-USD,2021-05-20,1.8104690313339233,1.4825210571289062,0.22120965677218152,0.22120965677218152,0.2,retained; no internal price-rule failure
crypto_prices,XLM-USD,2020-12-23,0.12647099792957306,0.16218499839305878,-0.22020532612351784,0.22020532612351784,0.2,retained; no internal price-rule failure
crypto_prices,EOS-USD,2021-06-21,3.5251801013946533,4.516932010650635,-0.21956316962874234,0.21956316962874234,0.2,retained; no internal price-rule failure
crypto_prices,ADA-USD,2021-02-05,0.5378739833831787,0.44105100631713867,0.21952784525882985,0.21952784525882985,0.2,retained; no internal price-rule failure
crypto_prices,EOS-USD,2023-06-10,0.6986380219459534,0.8944650292396545,-0.21893198827478488,0.21893198827478488,0.2,retained; no internal price-rule failure
crypto_prices,BCH-USD,2022-07-28,154.74412536621094,127.09396362304688,0.21755684499047323,0.21755684499047323,0.2,retained; no internal price-rule failure
crypto_prices,ETC-USD,2022-09-05,39.50648880004883,32.45296096801758,0.21734620267723814,0.21734620267723814,0.2,retained; no internal price-rule failure
crypto_prices,EOS-USD,2021-09-07,4.875247001647949,6.218042850494385,-0.21595152705319043,0.21595152705319043,0.2,retained; no internal price-rule failure
crypto_prices,BCH-USD,2021-05-12,1209.806884765625,1542.425048828125,-0.21564624116757602,0.21564624116757602,0.2,retained; no internal price-rule failure
crypto_prices,TRX-USD,2021-05-24,0.07672300189733505,0.06318099796772003,0.21433665762186593,0.21433665762186593,0.2,retained; no internal price-rule failure
crypto_prices,XRP-USD,2021-06-21,0.6103879809379578,0.7763770222663879,-0.21379952853818052,0.21379952853818052,0.2,retained; no internal price-rule failure
crypto_prices,XRP-USD,2022-02-07,0.8278189897537231,0.6836469769477844,0.21088663837820243,0.21088663837820243,0.2,retained; no internal price-rule failure
crypto_prices,XLM-USD,2021-01-04,0.1651799976825714,0.1364230066537857,0.21079282544890088,0.21079282544890088,0.2,retained; no internal price-rule failure
crypto_prices,XRP-USD,2020-12-16,0.5686280131340027,0.46970999240875244,0.21059381815145528,0.21059381815145528,0.2,retained; no internal price-rule failure
crypto_prices,ADA-USD,2021-02-20,1.1229579448699951,0.9276490211486816,0.21054183130540904,0.21054183130540904,0.2,retained; no internal price-rule failure
crypto_prices,XLM-USD,2021-09-07,0.33428698778152466,0.42343199253082275,-0.21052968675438244,0.21052968675438244,0.2,retained; no internal price-rule failure
crypto_prices,LTC-USD,2020-03-13,37.43795394897461,30.930883407592773,0.21037454558392965,0.21037454558392965,0.2,retained; no internal price-rule failure
crypto_prices,TRX-USD,2021-06-21,0.05358399823307991,0.06783299893140793,-0.21006001389878792,0.21006001389878792,0.2,retained; no internal price-rule failure
crypto_prices,ETC-USD,2022-03-19,33.92270278930664,28.089841842651367,0.2076501882541293,0.2076501882541293,0.2,retained; no internal price-rule failure
crypto_prices,ETC-USD,2023-01-04,19.186887741088867,15.893769264221191,0.20719556337595058,0.20719556337595058,0.2,retained; no internal price-rule failure
crypto_prices,BCH-USD,2021-01-11,479.58734130859375,603.5962524414062,-0.20545010117479245,0.20545010117479245,0.2,retained; no internal price-rule failure
crypto_prices,EOS-USD,2020-12-23,2.304887056350708,2.898909091949463,-0.20491226760039105,0.20491226760039105,0.2,retained; no internal price-rule failure
crypto_prices,XLM-USD,2021-06-21,0.23666700720787048,0.2976300120353699,-0.20482815026145496,0.20482815026145496,0.2,retained; no internal price-rule failure
crypto_prices,BCH-USD,2023-06-30,305.0069580078125,253.4472198486328,0.2034338281160586,0.2034338281160586,0.2,retained; no internal price-rule failure
crypto_prices,ADA-USD,2021-03-16,1.2429529428482056,1.033539056777954,0.20261826071972244,0.20261826071972244,0.2,retained; no internal price-rule failure
crypto_prices,ADA-USD,2020-03-19,0.03045099973678589,0.025335999205708504,0.2018866708017939,0.2018866708017939,0.2,retained; no internal price-rule failure
equity_prices,OXY,2020-03-09,11.654413223266602,24.28700828552246,-0.5201379648635512,0.5201379648635512,0.2,retained; no internal price-rule failure
equity_prices,OXY,2020-06-05,19.36812973022461,14.486502647399902,0.3369776129990134,0.3369776129990134,0.2,retained; no internal price-rule failure
equity_prices,SLB,2020-03-09,15.081514358520508,20.779552459716797,-0.2742137065869198,0.2742137065869198,0.2,retained; no internal price-rule failure
equity_prices,COP,2020-03-24,24.484722137451172,19.55432891845703,0.25213819607690136,0.25213819607690136,0.2,retained; no internal price-rule failure
equity_prices,O,2020-03-16,38.2365608215332,50.93488693237305,-0.2493050809693479,0.2493050809693479,0.2,retained; no internal price-rule failure
equity_prices,COP,2020-03-09,27.13709831237793,36.10581588745117,-0.24840091144957022,0.24840091144957022,0.2,retained; no internal price-rule failure
equity_prices,NVDA,2023-05-25,37.90222930908203,30.475473403930664,0.24369616204857647,0.24369616204857647,0.2,retained; no internal price-rule failure
equity_prices,BA,2020-03-25,158.72999572753906,127.68000030517578,0.24318605379189218,0.24318605379189218,0.2,retained; no internal price-rule failure
equity_prices,BA,2020-03-16,129.61000061035156,170.1999969482422,-0.2384841190698378,0.2384841190698378,0.2,retained; no internal price-rule failure
equity_prices,O,2020-03-18,30.099164962768555,39.0368537902832,-0.22895515288015755,0.22895515288015755,0.2,retained; no internal price-rule failure
equity_prices,CVX,2020-03-24,50.55690383911133,41.19001388549805,0.22740681709046773,0.22740681709046773,0.2,retained; no internal price-rule failure
equity_prices,OXY,2020-11-09,11.411274909973145,9.339893341064453,0.22177786118836118,0.22177786118836118,0.2,retained; no internal price-rule failure
equity_prices,CVX,2020-03-18,41.820552825927734,53.70199203491211,-0.22124764387250573,0.22124764387250573,0.2,retained; no internal price-rule failure
equity_prices,DOW,2020-03-09,21.74224281311035,27.75287628173828,-0.2165769561183465,0.2165769561183465,0.2,retained; no internal price-rule failure
equity_prices,DOW,2020-03-17,18.94345474243164,15.667519569396973,0.20909086205537486,0.20909086205537486,0.2,retained; no internal price-rule failure
equity_prices,BA,2020-03-24,127.68000030517578,105.62000274658203,0.20886192941618376,0.20886192941618376,0.2,retained; no internal price-rule failure
