prototype_id,fund_id,fund_name,asset_family,method,covariance_estimator,first_live_date,last_live_date,annualization_days,rebalance_count,gross_annualized_return,net_annualized_return,net_annualized_volatility,net_sharpe_ratio,net_maximum_drawdown,ending_growth_of_1_net,average_rebalance_turnover,cumulative_turnover,total_transaction_cost,average_target_change,average_target_weight_hhi,median_covariance_condition_number,maximum_covariance_condition_number,mean_covariance_shrinkage
combined_hierarchical_risk_parity__ledoit_wolf,combined_hierarchical_risk_parity,Combined Hierarchical Risk Parity,combined,hierarchical_risk_parity,ledoit_wolf,2021-01-04,2023-12-29,252,36,0.1048762138373438,0.10326187725191982,0.14110695058131673,0.7670782356378691,-0.17514866600559098,1.3413056563047339,0.12141538518364633,4.370953866611268,0.00437095386661127,0.09202550955916845,0.027354345397207658,559.6540094345546,709.7703344744926,0.05495838647078867
combined_hierarchical_risk_parity__sample_ridge,combined_hierarchical_risk_parity,Combined Hierarchical Risk Parity,combined,hierarchical_risk_parity,sample_ridge,2021-01-04,2023-12-29,252,36,0.09779925678492352,0.09606664411821852,0.139539136538007,0.727212042107939,-0.17907204203400418,1.3153357814470847,0.13115884951636525,4.7217185825891494,0.00472171858258915,0.10288033384984278,0.028746807759798,1688.718820017466,2851.3405090359306,0.0
combined_maximum_sharpe__ledoit_wolf,combined_maximum_sharpe,Combined Maximum Sharpe,combined,maximum_sharpe,ledoit_wolf,2021-01-04,2023-12-29,252,36,0.14757716870756887,0.1437882590859052,0.2072541717156876,0.7518811671145017,-0.19469933245628557,1.4939714970228573,0.27567924509823194,9.92445282353635,0.009924452823536352,0.25405559773173264,0.09008626758488088,559.6540094345546,709.7703344744926,0.05495838647078867
combined_maximum_sharpe__sample_ridge,combined_maximum_sharpe,Combined Maximum Sharpe,combined,maximum_sharpe,sample_ridge,2021-01-04,2023-12-29,252,36,0.15211988326831882,0.1483012284842582,0.20525980092536006,0.7763578226315341,-0.19375487931701407,1.511654488677553,0.2767534149654619,9.963122938756628,0.009963122938756628,0.25441648620618973,0.09192309815129023,1688.718820017466,2851.3405090359306,0.0
combined_minimum_variance__ledoit_wolf,combined_minimum_variance,Combined Minimum Variance,combined,minimum_variance,ledoit_wolf,2021-01-04,2023-12-29,252,36,0.05921237456410111,0.05744958707245984,0.1250019631237903,0.5093834517086071,-0.15947438039849282,1.1816536757082496,0.13834377732735714,4.980375983784858,0.004980375983784858,0.10855127218914765,0.07202808936118296,559.6540094345546,709.7703344744926,0.05495838647078867
combined_minimum_variance__sample_ridge,combined_minimum_variance,Combined Minimum Variance,combined,minimum_variance,sample_ridge,2021-01-04,2023-12-29,252,36,0.05861014737812642,0.05674488514710041,0.12515924002787968,0.5035736623237352,-0.15848671364948363,1.1793021880628194,0.14641519604744646,5.270947057708073,0.0052709470577080725,0.11392716967216399,0.07947038697471276,1688.718820017466,2851.3405090359306,0.0
combined_risk_parity__ledoit_wolf,combined_risk_parity,Combined Risk Parity,combined,risk_parity,ledoit_wolf,2021-01-04,2023-12-29,252,36,0.13993643481250806,0.13905466673615163,0.16240845087612923,0.883056128159104,-0.19547718398137204,1.4755725025461106,0.06421537582785995,2.3117535298029583,0.0023117535298029586,0.021959199147116793,0.020037219184647664,559.6540094345546,709.7703344744926,0.05495838647078867
combined_risk_parity__sample_ridge,combined_risk_parity,Combined Risk Parity,combined,risk_parity,sample_ridge,2021-01-04,2023-12-29,252,36,0.1396656825297451,0.13877911057107628,0.1620225306853937,0.8832785588726769,-0.1949397865841127,1.4745061124294498,0.0645828500947676,2.3249826034116334,0.0023249826034116333,0.022481158569787944,0.02015516860460094,1688.718820017466,2851.3405090359306,0.0
crypto_hierarchical_risk_parity__ledoit_wolf,crypto_hierarchical_risk_parity,Crypto Hierarchical Risk Parity,crypto,hierarchical_risk_parity,ledoit_wolf,2021-01-01,2023-12-31,365,36,0.37459872015444007,0.37245744618923293,0.7701096023241683,0.8006094188989812,-0.7872894798735297,2.5852149775600206,0.13086400549719762,4.711104197899115,0.0047111041978991144,0.07636869783594864,0.12394488201727258,55.82537947756657,97.69884291570531,0.04617887322338605
crypto_hierarchical_risk_parity__sample_ridge,crypto_hierarchical_risk_parity,Crypto Hierarchical Risk Parity,crypto,hierarchical_risk_parity,sample_ridge,2021-01-01,2023-12-31,365,36,0.4262339051507613,0.42401341995061137,0.7704322392741741,0.8478929948055431,-0.781381891304364,2.8876346627306813,0.1304856949567061,4.697485018441419,0.00469748501844142,0.07180723733444944,0.12300802706700718,95.82144657995258,138.34048869659242,0.0
equity_hierarchical_risk_parity__ledoit_wolf,equity_hierarchical_risk_parity,Equity Hierarchical Risk Parity,equity,hierarchical_risk_parity,ledoit_wolf,2021-01-04,2023-12-29,252,36,0.09106768180986125,0.08912563846699162,0.13715235128112618,0.6911150842824467,-0.1648404507708452,1.2906026138895343,0.1478676615682151,5.323235816455743,0.005323235816455742,0.12026720645039544,0.028074968330827337,217.634676639026,360.318847062805,0.046239674161660596
equity_hierarchical_risk_parity__sample_ridge,equity_hierarchical_risk_parity,Equity Hierarchical Risk Parity,equity,hierarchical_risk_parity,sample_ridge,2021-01-04,2023-12-29,252,36,0.0836240140807396,0.08170340565611678,0.13682478025863068,0.6424458256078621,-0.17436848139849082,1.2644991483743209,0.14723546025048606,5.300476569017499,0.0053004765690175,0.12017893605649947,0.02858671709280712,451.03688062983395,719.7930902798075,0.0
equity_maximum_sharpe__ledoit_wolf,equity_maximum_sharpe,Equity Maximum Sharpe,equity,maximum_sharpe,ledoit_wolf,2021-01-04,2023-12-29,252,36,0.10157977598879864,0.09802351125569908,0.16672262585971603,0.6444094033422457,-0.1922819459269255,1.322365306321415,0.2692430005345063,9.692748019242226,0.009692748019242225,0.24420730245527192,0.0899151648385525,217.634676639026,360.318847062805,0.046239674161660596
equity_maximum_sharpe__sample_ridge,equity_maximum_sharpe,Equity Maximum Sharpe,equity,maximum_sharpe,sample_ridge,2021-01-04,2023-12-29,252,36,0.10186915143497455,0.09829042855426362,0.16624444976585825,0.6472440512291051,-0.1917399702884729,1.323326068509816,0.2708862170450455,9.751903813621638,0.009751903813621638,0.24557939302480417,0.09082603553827906,451.03688062983395,719.7930902798075,0.0
equity_minimum_variance__ledoit_wolf,equity_minimum_variance,Equity Minimum Variance,equity,minimum_variance,ledoit_wolf,2021-01-04,2023-12-29,252,36,0.0594147801377396,0.05762348148652263,0.12487557243547875,0.5110887289033427,-0.15877436901445618,1.1822344155162179,0.14053007477501797,5.059082691900647,0.005059082691900648,0.10865372764086899,0.07657895769200035,217.634676639026,360.318847062805,0.046239674161660596
equity_minimum_variance__sample_ridge,equity_minimum_variance,Equity Minimum Variance,equity,minimum_variance,sample_ridge,2021-01-04,2023-12-29,252,36,0.058527110814716954,0.056678171424742185,0.12496157858421826,0.5036651613915859,-0.15723731319033551,1.179079735556171,0.14515151793157383,5.225454645536658,0.005225454645536659,0.11256141623656778,0.07976003038101612,451.03688062983395,719.7930902798075,0.0
equity_risk_parity__ledoit_wolf,equity_risk_parity,Equity Risk Parity,equity,risk_parity,ledoit_wolf,2021-01-04,2023-12-29,252,36,0.09920387634874461,0.0984259317239613,0.14541206516444946,0.7183660837988844,-0.18518468236025165,1.3238139864877372,0.05852917878341349,2.1070504362028855,0.0021070504362028855,0.02011055443876931,0.022337296759384576,217.634676639026,360.318847062805,0.046239674161660596
equity_risk_parity__sample_ridge,equity_risk_parity,Equity Risk Parity,equity,risk_parity,sample_ridge,2021-01-04,2023-12-29,252,36,0.09910814629054321,0.09832793698200248,0.14530441072558692,0.7181764182305346,-0.18507871925344366,1.3234611163702197,0.058706985530883604,2.1134514791118097,0.00211345147911181,0.020374523718880964,0.02238383488290619,451.03688062983395,719.7930902798075,0.0
